{
  "loss": [
    0.23617742955684662,
    0.17541785538196564,
    0.16261054575443268,
    0.15519997477531433,
    0.1403520107269287,
    0.13460774719715118,
    0.13246913254261017,
    0.13098405301570892,
    0.12817955017089844,
    0.12817703187465668,
    0.12721745669841766,
    0.11965407431125641,
    0.11710066348314285,
    0.11581739783287048,
    0.11517085880041122,
    0.11359214037656784,
    0.11287811398506165,
    0.1127026379108429,
    0.11234922707080841,
    0.11161305010318756,
    0.11178885400295258,
    0.10700297355651855,
    0.10637641698122025,
    0.10653051733970642,
    0.1049874797463417,
    0.10365089029073715,
    0.10231941938400269,
    0.1018463596701622,
    0.10059411823749542,
    0.09918034076690674
  ],
  "accuracy": [
    0.9145635962486267,
    0.9419450163841248,
    0.9476226568222046,
    0.95088791847229,
    0.9559149146080017,
    0.957275927066803,
    0.9579410552978516,
    0.9583110809326172,
    0.95911705493927,
    0.9594199657440186,
    0.9596821069717407,
    0.962179958820343,
    0.9627361297607422,
    0.962816596031189,
    0.962826669216156,
    0.9632357954978943,
    0.9636438488960266,
    0.9637600779533386,
    0.9636963605880737,
    0.9639350175857544,
    0.9637885689735413,
    0.9653832316398621,
    0.9655190110206604,
    0.9652596712112427,
    0.9658521413803101,
    0.9662059545516968,
    0.9666122794151306,
    0.9666094779968262,
    0.9671511054039001,
    0.9675121903419495
  ],
  "val_loss": [
    0.16461195051670074,
    0.1743185967206955,
    0.23388789594173431,
    0.35488995909690857,
    0.1552807092666626,
    0.1507081240415573,
    0.18658781051635742,
    0.14491504430770874,
    0.16878575086593628,
    0.15524496138095856,
    0.18157464265823364,
    0.1545884609222412,
    0.13651633262634277,
    0.1464083343744278,
    0.1329641044139862,
    0.1403428167104721,
    0.1360175907611847,
    0.10999622195959091,
    0.15054717659950256,
    0.12895117700099945,
    0.1268928349018097,
    0.11991127580404282,
    0.10977859050035477,
    0.1232738047838211,
    0.12795290350914001,
    0.1420665830373764,
    0.13115672767162323,
    0.12646697461605072,
    0.11773961037397385,
    0.11514120548963547
  ],
  "val_accuracy": [
    0.9449326395988464,
    0.9404880404472351,
    0.9234659671783447,
    0.8955618739128113,
    0.948373019695282,
    0.948573887348175,
    0.9356573820114136,
    0.9525803327560425,
    0.941734790802002,
    0.9474835991859436,
    0.9396246671676636,
    0.9476426839828491,
    0.9527472257614136,
    0.9485164880752563,
    0.9541557431221008,
    0.9515317678451538,
    0.954067051410675,
    0.9637909531593323,
    0.9486182332038879,
    0.9546095728874207,
    0.956294596195221,
    0.9585925340652466,
    0.9625624418258667,
    0.9578387141227722,
    0.9559555053710938,
    0.9517977833747864,
    0.9545443654060364,
    0.9566388726234436,
    0.959255039691925,
    0.9601627588272095
  ],
  "lr": [
    0.0018274261383339763,
    0.0018274261383339763,
    0.0018274261383339763,
    0.0018274261383339763,
    0.0009137130691669881,
    0.0009137130691669881,
    0.0009137130691669881,
    0.0009137130691669881,
    0.0009137130691669881,
    0.0009137130691669881,
    0.0009137130691669881,
    0.00045685653458349407,
    0.00045685653458349407,
    0.00045685653458349407,
    0.00045685653458349407,
    0.00045685653458349407,
    0.00045685653458349407,
    0.00045685653458349407,
    0.00045685653458349407,
    0.00045685653458349407,
    0.00045685653458349407,
    0.00022842826729174703,
    0.00022842826729174703,
    0.00022842826729174703,
    0.00022842826729174703,
    0.00022842826729174703,
    0.00011421413364587352,
    0.00011421413364587352,
    0.00011421413364587352,
    5.710706682293676e-05
  ]
}