{
  "loss": [
    0.3665086627006531,
    0.3328806459903717,
    0.3288162350654602,
    0.32698407769203186,
    0.32516008615493774,
    0.32379305362701416,
    0.3225591480731964,
    0.3184446692466736,
    0.3180972933769226,
    0.31769466400146484,
    0.3173540234565735,
    0.31717726588249207,
    0.3166464567184448,
    0.3163251578807831,
    0.31603461503982544,
    0.31617534160614014,
    0.31516990065574646,
    0.31540563702583313,
    0.3151363730430603,
    0.314721018075943,
    0.3138876259326935,
    0.3141219913959503,
    0.31378495693206787,
    0.31090009212493896,
    0.3106357455253601,
    0.3108412027359009,
    0.30958622694015503,
    0.3095591068267822,
    0.3093869686126709,
    0.3088330924510956,
    0.30858224630355835,
    0.308841347694397,
    0.30833563208580017,
    0.3073482811450958,
    0.30771923065185547,
    0.30778801441192627,
    0.3070109188556671,
    0.3068634569644928,
    0.3068859577178955,
    0.306598961353302
  ],
  "accuracy": [
    0.8090330958366394,
    0.8225888013839722,
    0.8244003057479858,
    0.8253432512283325,
    0.8258205652236938,
    0.826330304145813,
    0.8271715044975281,
    0.8283290266990662,
    0.8287862539291382,
    0.8290282487869263,
    0.8288941383361816,
    0.8289064168930054,
    0.8291333317756653,
    0.8293982744216919,
    0.8293658494949341,
    0.8289902806282043,
    0.8293865323066711,
    0.8291808366775513,
    0.8292306065559387,
    0.8294329047203064,
    0.8299879431724548,
    0.8295938968658447,
    0.829439640045166,
    0.8301958441734314,
    0.8301567435264587,
    0.8298834562301636,
    0.8303847908973694,
    0.8301131725311279,
    0.8304060101509094,
    0.8304999470710754,
    0.830697238445282,
    0.8300304412841797,
    0.8302668333053589,
    0.830755352973938,
    0.8303685784339905,
    0.8304820656776428,
    0.8306340575218201,
    0.830602765083313,
    0.8305038213729858,
    0.8306648135185242
  ],
  "val_loss": [
    0.34649255871772766,
    0.3386843204498291,
    0.3320654630661011,
    0.3257176876068115,
    0.3353845179080963,
    0.32811498641967773,
    0.3408702313899994,
    0.31737667322158813,
    0.31660282611846924,
    0.32020312547683716,
    0.3159007430076599,
    0.31296440958976746,
    0.31328609585762024,
    0.3159378170967102,
    0.3126271963119507,
    0.31180623173713684,
    0.3175092935562134,
    0.32751938700675964,
    0.311383455991745,
    0.3096981346607208,
    0.31788870692253113,
    0.31138351559638977,
    0.32185307145118713,
    0.3140329122543335,
    0.3060102164745331,
    0.3074038028717041,
    0.3036547303199768,
    0.30724024772644043,
    0.3061639964580536,
    0.3029153645038605,
    0.30274128913879395,
    0.3030238449573517,
    0.3040635883808136,
    0.30229443311691284,
    0.3174680471420288,
    0.306925505399704,
    0.3020764887332916,
    0.306428462266922,
    0.3018296957015991,
    0.30142804980278015
  ],
  "val_accuracy": [
    0.8189731240272522,
    0.8228777647018433,
    0.8196382522583008,
    0.8267355561256409,
    0.8156917691230774,
    0.8226534724235535,
    0.8122879266738892,
    0.8282092213630676,
    0.8292317390441895,
    0.8270302414894104,
    0.8290204405784607,
    0.8302280902862549,
    0.8299698829650879,
    0.8287935256958008,
    0.8299750685691833,
    0.8301655054092407,
    0.8276249766349792,
    0.8227682113647461,
    0.8298811912536621,
    0.8300924897193909,
    0.8280762434005737,
    0.8303428888320923,
    0.8277032375335693,
    0.8285143971443176,
    0.8304784893989563,
    0.8300820589065552,
    0.8306297659873962,
    0.8304784893989563,
    0.8303637504577637,
    0.8307210803031921,
    0.8307367563247681,
    0.8305541276931763,
    0.8304393887519836,
    0.8306663036346436,
    0.8280448913574219,
    0.8295421004295349,
    0.8302854895591736,
    0.8306141495704651,
    0.8308253884315491,
    0.8307445645332336
  ],
  "lr": [
    0.008809509687125683,
    0.008809509687125683,
    0.008809509687125683,
    0.008809509687125683,
    0.008809509687125683,
    0.008809509687125683,
    0.008809509687125683,
    0.004404754843562841,
    0.004404754843562841,
    0.004404754843562841,
    0.004404754843562841,
    0.004404754843562841,
    0.004404754843562841,
    0.004404754843562841,
    0.004404754843562841,
    0.004404754843562841,
    0.004404754843562841,
    0.004404754843562841,
    0.004404754843562841,
    0.004404754843562841,
    0.004404754843562841,
    0.004404754843562841,
    0.004404754843562841,
    0.0022023774217814207,
    0.0022023774217814207,
    0.0022023774217814207,
    0.0022023774217814207,
    0.0022023774217814207,
    0.0022023774217814207,
    0.0022023774217814207,
    0.0022023774217814207,
    0.0022023774217814207,
    0.0022023774217814207,
    0.0022023774217814207,
    0.0022023774217814207,
    0.0022023774217814207,
    0.0022023774217814207,
    0.0022023774217814207,
    0.0022023774217814207,
    0.0022023774217814207
  ]
}