{
  "1D-CNN HPO": {
    "accuracy": 0.963084298632974,
    "precision_macro": 0.9651090567963175,
    "recall_macro": 0.9634722066007576,
    "f1_macro": 0.9633480334351484,
    "precision_per_class": [
      0.9127879026266335,
      0.9974859153176625,
      0.9850533524446567
    ],
    "recall_per_class": [
      0.9961366942503518,
      0.9556355773893275,
      0.9386443481625932
    ],
    "f1_per_class": [
      0.9526426820229204,
      0.9761123741474504,
      0.9612890441350745
    ],
    "latency": {
      "avg_ms": 61.81299983989447,
      "min_ms": 56.74492399703013,
      "max_ms": 73.426267998002,
      "std_ms": 4.1005834931029215
    }
  },
  "2D-CNN HPO": {
    "accuracy": 0.8335885149992045,
    "precision_macro": 0.8882613717490262,
    "recall_macro": 0.8309738677534043,
    "f1_macro": 0.8226070609454729,
    "precision_per_class": [
      0.9894355142534221,
      0.9992644707387273,
      0.6760841302549293
    ],
    "recall_per_class": [
      0.5010453183252649,
      0.9935532078951343,
      0.9983230770398136
    ],
    "f1_per_class": [
      0.6652242972406769,
      0.9964006552959793,
      0.8061962302997623
    ],
    "latency": {
      "avg_ms": 66.41680762011674,
      "min_ms": 60.219819999474566,
      "max_ms": 96.01182000187691,
      "std_ms": 6.968366900348481
    }
  }
}