{
  "loss": [
    0.19315001368522644,
    0.13135018944740295,
    0.11298050731420517,
    0.10434801876544952,
    0.08945752680301666,
    0.08518360555171967
  ],
  "accuracy": [
    0.9264442324638367,
    0.9507778286933899,
    0.9581243991851807,
    0.9614818692207336,
    0.9671511054039001,
    0.9687837362289429
  ],
  "val_loss": [
    1.842403531074524,
    2.5579562187194824,
    2.0783884525299072,
    2.6327059268951416,
    3.231903553009033,
    2.9018805027008057
  ],
  "val_accuracy": [
    0.7547687292098999,
    0.7253569960594177,
    0.7539235949516296,
    0.7314788103103638,
    0.7269637584686279,
    0.7413644194602966
  ],
  "lr": [
    0.0010000000474974513,
    0.0010000000474974513,
    0.0010000000474974513,
    0.0010000000474974513,
    0.0005000000237487257,
    0.0005000000237487257
  ]
}