{
  "loss": [
    0.3731819689273834,
    0.29348015785217285,
    0.2746478021144867,
    0.2658262848854065,
    0.24410907924175262,
    0.23617927730083466
  ],
  "accuracy": [
    0.8692981004714966,
    0.9009022116661072,
    0.9085942506790161,
    0.9127906560897827,
    0.920197069644928,
    0.922170102596283
  ],
  "val_loss": [
    1.2456468343734741,
    1.5460669994354248,
    1.7637017965316772,
    2.479203939437866,
    1.9558558464050293,
    2.487733840942383
  ],
  "val_accuracy": [
    0.7200021147727966,
    0.6992344260215759,
    0.6951419711112976,
    0.6380192041397095,
    0.703736424446106,
    0.6612308621406555
  ],
  "lr": [
    0.0003000000142492354,
    0.0003000000142492354,
    0.0003000000142492354,
    0.0003000000142492354,
    0.0001500000071246177,
    0.0001500000071246177
  ]
}