{
  "loss": [
    0.2526184916496277,
    0.223148375749588,
    0.21637412905693054,
    0.21138407289981842,
    0.20654946565628052,
    0.17816980183124542,
    0.17232674360275269,
    0.17136557400226593,
    0.16919659078121185,
    0.16856320202350616,
    0.16836129128932953,
    0.15295657515525818,
    0.1487390249967575,
    0.14769397675991058,
    0.13923107087612152
  ],
  "accuracy": [
    0.9213311076164246,
    0.9339227080345154,
    0.9364272952079773,
    0.9376306533813477,
    0.9390860795974731,
    0.9460034370422363,
    0.9470335245132446,
    0.9475270509719849,
    0.9480340480804443,
    0.9482754468917847,
    0.948436439037323,
    0.9525099396705627,
    0.9531996250152588,
    0.9534394145011902,
    0.9557925462722778
  ],
  "val_loss": [
    1.1560150384902954,
    0.9782512187957764,
    1.4205083847045898,
    1.6585062742233276,
    1.5399614572525024,
    1.4270488023757935,
    1.089411735534668,
    0.9068262577056885,
    1.3357549905776978,
    1.1529653072357178,
    1.2848838567733765,
    1.0874180793762207,
    1.2538354396820068,
    1.2043155431747437,
    1.1156530380249023
  ],
  "val_accuracy": [
    0.7691771984100342,
    0.7866087555885315,
    0.7484330534934998,
    0.7419930100440979,
    0.7370032668113708,
    0.7548495531082153,
    0.7963952422142029,
    0.8046350479125977,
    0.7621581554412842,
    0.7880876660346985,
    0.7732957601547241,
    0.7874460220336914,
    0.7746233940124512,
    0.7792036533355713,
    0.7870782613754272
  ],
  "lr": [
    0.0018274261383339763,
    0.0018274261383339763,
    0.0018274261383339763,
    0.0018274261383339763,
    0.0018274261383339763,
    0.0009137130691669881,
    0.0009137130691669881,
    0.0009137130691669881,
    0.0009137130691669881,
    0.0009137130691669881,
    0.0009137130691669881,
    0.00045685653458349407,
    0.00045685653458349407,
    0.00045685653458349407,
    0.00022842826729174703
  ]
}