{
  "loss": [
    0.38353440165519714,
    0.3498612344264984,
    0.3441958725452423,
    0.3403683304786682,
    0.3382749855518341,
    0.3370751440525055,
    0.3355371057987213,
    0.3351016938686371,
    0.3339848220348358,
    0.33399203419685364,
    0.33293458819389343,
    0.32915744185447693,
    0.3282703161239624,
    0.32783541083335876,
    0.3270989656448364,
    0.3275323212146759,
    0.32776397466659546,
    0.3270471394062042,
    0.32495149970054626,
    0.3243768811225891,
    0.3238697350025177,
    0.3240815997123718,
    0.32411208748817444,
    0.32323428988456726,
    0.3223866820335388,
    0.3219529390335083,
    0.3214400112628937,
    0.32122066617012024,
    0.32112279534339905,
    0.320984810590744
  ],
  "accuracy": [
    0.8166658282279968,
    0.8253158330917358,
    0.8264325857162476,
    0.8275991082191467,
    0.8281552195549011,
    0.8282569646835327,
    0.828734278678894,
    0.8288466334342957,
    0.8293697834014893,
    0.8292736411094666,
    0.8295910954475403,
    0.8304753303527832,
    0.8307531476020813,
    0.8303892612457275,
    0.8307503461837769,
    0.8305982947349548,
    0.8301489353179932,
    0.8305261731147766,
    0.8312265276908875,
    0.8313053250312805,
    0.8313668370246887,
    0.8311326503753662,
    0.8309856653213501,
    0.8316273093223572,
    0.8318871855735779,
    0.8318983912467957,
    0.8318793773651123,
    0.8320140838623047,
    0.8322163820266724,
    0.8320179581642151
  ],
  "val_loss": [
    0.35598358511924744,
    0.33668050169944763,
    0.337967187166214,
    0.3330615758895874,
    0.33200985193252563,
    0.33739542961120605,
    0.3301609456539154,
    0.3281523585319519,
    0.3365054130554199,
    0.33769190311431885,
    0.3286095857620239,
    0.3276292383670807,
    0.3271961808204651,
    0.3239247500896454,
    0.32224032282829285,
    0.32532888650894165,
    0.3234902322292328,
    0.3231376111507416,
    0.3247116804122925,
    0.3220082223415375,
    0.32095491886138916,
    0.32250139117240906,
    0.3214595317840576,
    0.32133933901786804,
    0.3202072083950043,
    0.3209415674209595,
    0.31956395506858826,
    0.3198426067829132,
    0.3191196322441101,
    0.31942641735076904
  ],
  "val_accuracy": [
    0.8241662979125977,
    0.8300768136978149,
    0.8273406624794006,
    0.8280344605445862,
    0.8291743397712708,
    0.829896867275238,
    0.829343855381012,
    0.8313027620315552,
    0.8302411437034607,
    0.8291690945625305,
    0.8314436078071594,
    0.8297038078308105,
    0.8315322995185852,
    0.831574022769928,
    0.832442581653595,
    0.8314436078071594,
    0.8320069909095764,
    0.8316861391067505,
    0.8310732245445251,
    0.8319469690322876,
    0.8323878049850464,
    0.8317878842353821,
    0.8322495818138123,
    0.8322991132736206,
    0.8324556350708008,
    0.8326199650764465,
    0.832779049873352,
    0.8325991034507751,
    0.832549512386322,
    0.8327659964561462
  ],
  "lr": [
    0.0003000000142492354,
    0.0003000000142492354,
    0.0003000000142492354,
    0.0003000000142492354,
    0.0003000000142492354,
    0.0003000000142492354,
    0.0003000000142492354,
    0.0003000000142492354,
    0.0003000000142492354,
    0.0003000000142492354,
    0.0003000000142492354,
    0.0001500000071246177,
    0.0001500000071246177,
    0.0001500000071246177,
    0.0001500000071246177,
    0.0001500000071246177,
    0.0001500000071246177,
    0.0001500000071246177,
    7.500000356230885e-05,
    7.500000356230885e-05,
    7.500000356230885e-05,
    7.500000356230885e-05,
    7.500000356230885e-05,
    7.500000356230885e-05,
    3.7500001781154424e-05,
    3.7500001781154424e-05,
    3.7500001781154424e-05,
    3.7500001781154424e-05,
    3.7500001781154424e-05,
    3.7500001781154424e-05
  ]
}