{
  "1D-CNN": {
    "accuracy": 0.7548534509516494,
    "precision_macro": 0.8559034121999883,
    "recall_macro": 0.7590110000130172,
    "f1_macro": 0.7555403363110144,
    "precision_per_class": [
      0.5736257723262124,
      0.9971997290712603,
      0.9968847352024922
    ],
    "recall_per_class": [
      1.0,
      0.7841238801580299,
      0.49290911988102193
    ],
    "f1_per_class": [
      0.7290497936853818,
      0.8779181017986988,
      0.6596531134489622
    ],
    "latency": {
      "avg_ms": 36.87578399999211,
      "min_ms": 32.11149999992813,
      "max_ms": 68.70070000002215,
      "std_ms": 4.927633061644908
    }
  },
  "LSTM": {
    "accuracy": 0.9773701247042805,
    "precision_macro": 0.9776586344348576,
    "recall_macro": 0.9776294952069433,
    "f1_macro": 0.9774941912696514,
    "precision_per_class": [
      0.9538102333297491,
      0.9953155006307602,
      0.9838501693440637
    ],
    "recall_per_class": [
      0.9871938568669067,
      0.9846660148331863,
      0.9610286139207369
    ],
    "f1_per_class": [
      0.9702149600978122,
      0.9899621181848697,
      0.9723054955262723
    ],
    "latency": {
      "avg_ms": 61.543103999997584,
      "min_ms": 54.91600000004837,
      "max_ms": 78.36189999989074,
      "std_ms": 4.92647742302267
    }
  }
}