{
  "2D-CNN": {
    "accuracy": 0.8327381992607992,
    "precision_macro": 0.8874465008491805,
    "recall_macro": 0.8301206540999733,
    "f1_macro": 0.8219644699249434,
    "precision_per_class": [
      0.9876968349873212,
      0.9995831095219389,
      0.6750595580382814
    ],
    "recall_per_class": [
      0.5015938123514495,
      0.9911128069380519,
      0.9976553430104181
    ],
    "f1_per_class": [
      0.6653135461422885,
      0.9953299378921655,
      0.8052499257403761
    ],
    "latency": {
      "avg_ms": 34.272025999671314,
      "min_ms": 31.74260001105722,
      "max_ms": 43.200800006161444,
      "std_ms": 1.8459980178979036
    }
  }
}