{
  "loss": [
    0.9435555338859558,
    0.6860393285751343,
    0.17671766877174377,
    0.13898855447769165,
    0.12010035663843155,
    0.11173496395349503,
    0.10141336917877197,
    0.09448223561048508,
    0.08929748833179474,
    0.08597711473703384,
    0.08155637979507446,
    0.07739108055830002,
    0.07594513893127441,
    0.0727667510509491,
    0.07127590477466583,
    0.06357569992542267,
    0.06180969253182411,
    0.06189598888158798,
    0.061179183423519135,
    0.05685373768210411,
    0.05557737872004509,
    0.05589611083269119,
    0.05571897700428963,
    0.05382615327835083,
    0.05346035212278366,
    0.05427851155400276,
    0.053003259003162384,
    0.05394632741808891,
    0.05273892730474472,
    0.053064726293087006
  ],
  "accuracy": [
    0.48626571893692017,
    0.6218971610069275,
    0.9361057281494141,
    0.951394259929657,
    0.9584142565727234,
    0.9611828327178955,
    0.964788556098938,
    0.9672171473503113,
    0.9694799780845642,
    0.970628559589386,
    0.9720199704170227,
    0.9735771417617798,
    0.9738285541534424,
    0.9750800132751465,
    0.9756885766983032,
    0.978268563747406,
    0.9789057374000549,
    0.9788457155227661,
    0.9791485667228699,
    0.9805171489715576,
    0.9810371398925781,
    0.9808800220489502,
    0.9809971451759338,
    0.9815456867218018,
    0.9816914200782776,
    0.9812343120574951,
    0.9818342924118042,
    0.9814114570617676,
    0.9819114208221436,
    0.9814599752426147
  ],
  "val_loss": [
    0.9080619812011719,
    0.21830697357654572,
    0.14488698542118073,
    0.130848690867424,
    0.10996753722429276,
    0.09784001857042313,
    0.09601162374019623,
    0.08787132799625397,
    0.0764249712228775,
    0.07815546542406082,
    0.06742483377456665,
    0.06486615538597107,
    0.07217706739902496,
    0.07955092936754227,
    0.06606240570545197,
    0.05733243003487587,
    0.06214139983057976,
    0.062359146773815155,
    0.05762665346264839,
    0.05292408540844917,
    0.05424477905035019,
    0.05322401225566864,
    0.05562782660126686,
    0.05289320647716522,
    0.05124988779425621,
    0.05049106106162071,
    0.05125122144818306,
    0.05205542594194412,
    0.05043664574623108,
    0.04975052922964096
  ],
  "val_accuracy": [
    0.5057066679000854,
    0.9024133086204529,
    0.9476799964904785,
    0.9549733400344849,
    0.959933340549469,
    0.9647866487503052,
    0.964626669883728,
    0.9698266386985779,
    0.9736133217811584,
    0.9726666808128357,
    0.9767066836357117,
    0.9771866798400879,
    0.9755200147628784,
    0.9710933566093445,
    0.9768266677856445,
    0.9803733229637146,
    0.9782133102416992,
    0.9775333404541016,
    0.9798533320426941,
    0.9812533259391785,
    0.9807466864585876,
    0.9805066585540771,
    0.9805866479873657,
    0.9810400009155273,
    0.9818666577339172,
    0.9823733568191528,
    0.9817466735839844,
    0.9815333485603333,
    0.9826266765594482,
    0.9824666380882263
  ],
  "lr": [
    0.0010000000474974513,
    0.0010000000474974513,
    0.0010000000474974513,
    0.0010000000474974513,
    0.0010000000474974513,
    0.0010000000474974513,
    0.0010000000474974513,
    0.0010000000474974513,
    0.0010000000474974513,
    0.0010000000474974513,
    0.0010000000474974513,
    0.0010000000474974513,
    0.0010000000474974513,
    0.0010000000474974513,
    0.0010000000474974513,
    0.0005000000237487257,
    0.0005000000237487257,
    0.0005000000237487257,
    0.0005000000237487257,
    0.0002500000118743628,
    0.0002500000118743628,
    0.0002500000118743628,
    0.0002500000118743628,
    0.0001250000059371814,
    0.0001250000059371814,
    0.0001250000059371814,
    0.0001250000059371814,
    0.0001250000059371814,
    0.0001250000059371814,
    6.25000029685907e-05
  ]
}