{
  "loss": [
    0.5323987603187561,
    0.1405642032623291,
    0.10478640347719193,
    0.09299849718809128,
    0.08673594892024994,
    0.08270666748285294,
    0.08006705343723297,
    0.07752027362585068,
    0.07539181411266327,
    0.07400797307491302,
    0.07224638015031815,
    0.07644389569759369,
    0.07050004601478577,
    0.06998694688081741,
    0.06707530468702316,
    0.06592340022325516,
    0.06598959118127823,
    0.0660477951169014,
    0.0714152455329895,
    0.0705588161945343,
    0.0699162557721138
  ],
  "accuracy": [
    0.7022416591644287,
    0.9500439167022705,
    0.963847815990448,
    0.9680750370025635,
    0.9701123237609863,
    0.9714783430099487,
    0.9722306728363037,
    0.9729880094528198,
    0.9738515615463257,
    0.9743674397468567,
    0.9749079346656799,
    0.973544716835022,
    0.9755434393882751,
    0.9756658673286438,
    0.9764623045921326,
    0.9769362807273865,
    0.976901113986969,
    0.9769541621208191,
    0.9752114415168762,
    0.9754098653793335,
    0.9756245017051697
  ],
  "val_loss": [
    0.19002079963684082,
    0.10837744176387787,
    0.09109245240688324,
    0.08204351365566254,
    0.07878899574279785,
    0.07413200289011002,
    0.07184963673353195,
    0.07226017117500305,
    0.06938018649816513,
    0.07023788243532181,
    0.0739874541759491,
    0.07017581164836884,
    0.0716417133808136,
    0.06911860406398773,
    0.0650494173169136,
    0.06458071619272232,
    0.06518565863370895,
    0.07178492844104767,
    0.07380476593971252,
    0.07232033461332321,
    0.07065080106258392
  ],
  "val_accuracy": [
    0.9268359541893005,
    0.9611643552780151,
    0.967786967754364,
    0.9711073637008667,
    0.9718168377876282,
    0.9735957384109497,
    0.9741930365562439,
    0.9745112657546997,
    0.9757084846496582,
    0.9751607179641724,
    0.9732983708381653,
    0.9753511548042297,
    0.9748451113700867,
    0.9756197929382324,
    0.9768874645233154,
    0.9770622253417969,
    0.9768561720848083,
    0.9748659729957581,
    0.973919153213501,
    0.9748555421829224,
    0.9750850796699524
  ],
  "lr": [
    0.0010000000474974513,
    0.0010000000474974513,
    0.0010000000474974513,
    0.0010000000474974513,
    0.0010000000474974513,
    0.0010000000474974513,
    0.0010000000474974513,
    0.0010000000474974513,
    0.0010000000474974513,
    0.0010000000474974513,
    0.0010000000474974513,
    0.0010000000474974513,
    0.0005000000237487257,
    0.0005000000237487257,
    0.0005000000237487257,
    0.0005000000237487257,
    0.0005000000237487257,
    0.0005000000237487257,
    0.0005000000237487257,
    0.0002500000118743628,
    0.0002500000118743628
  ]
}